Date,Open,High,Low,Close,Adj Close,Volume,symbol,return,SMA_5,SMA_15,SMA_ratio,prev_close,TR,ATR_5,ATR_15,ATR_Ratio,prev_high,prev_low,+DM,-DM,+DM_5,-DM_5,+DM_15,-DM_15,+DI_5,-DI_5,+DI_15,-DI_15,DX_5,DX_15,ADX_5,ADX_15,outcome
2019-01-02,38.72249984741211,39.712501525878906,38.557498931884766,39.47999954223633,37.94325637817383,148158800,AAPL,,,,,,,,,,,,,,,,,,,,,,,,,,N/A
2019-01-03,35.994998931884766,36.43000030517578,35.5,35.54750061035156,34.16383361816406,365248800,AAPL,-0.09960737025028876,,,,39.47999954223633,3.979999542236328,,,,39.712501525878906,38.557498931884766,0.0,3.0574989318847656,,,,,,,,,,,,,S
2019-01-04,36.13249969482422,37.13750076293945,35.95000076293945,37.064998626708984,35.622257232666016,234428400,AAPL,0.04268930277240135,,,,35.54750061035156,1.5900001525878906,,,,36.43000030517578,35.5,0.7075004577636719,0.0,,,,,,,,,,,,,B
2019-01-07,37.17499923706055,37.20750045776367,36.474998474121094,36.98249816894531,35.542964935302734,219111200,AAPL,-0.002225831939036471,,,,37.064998626708984,0.7325019836425781,,,,37.13750076293945,35.95000076293945,0.06999969482421875,0.0,,,,,,,,,,,,,S
2019-01-08,37.38999938964844,37.95500183105469,37.130001068115234,37.6875,36.22053146362305,164101200,AAPL,0.01906312082634498,37.352499389648436,,,36.98249816894531,0.972503662109375,,,,37.20750045776367,36.474998474121094,0.7475013732910156,0.0,,,,,,,,,,,,,B
2019-01-09,37.8224983215332,38.63249969482422,37.407501220703125,38.32749938964844,36.83561706542969,180396400,AAPL,0.016981741682214002,37.12199935913086,,,37.6875,1.2249984741210938,1.7000007629394531,,,37.95500183105469,37.130001068115234,0.6774978637695312,0.0,0.4404998779296875,0.6114997863769531,,,25.911745896397353,35.97055952608017,,,16.0,,,,B
2019-01-10,38.125,38.49250030517578,37.71500015258789,38.45000076293945,36.95335006713867,143122800,AAPL,0.003196174424155096,37.70249938964844,,,38.32749938964844,0.7775001525878906,1.5155006408691407,,,38.63249969482422,37.407501220703125,0.0,0.0,0.35239990234374996,0.4891998291015625,,,23.253035521096734,32.27975072455305,,,16.0,,,,B
2019-01-11,38.220001220703125,38.42499923706055,37.877498626708984,38.0724983215332,36.590538024902344,108092800,AAPL,-0.009818008684413626,37.90399932861328,,,38.45000076293945,0.5725021362304688,1.3269009399414062,,,38.49250030517578,37.71500015258789,0.0,0.0,0.281919921875,0.39135986328125,,,21.24649349388878,29.494278849371515,,,16.0,,,,S
2019-01-14,37.712501525878906,37.817501068115234,37.30500030517578,37.5,36.04033660888672,129756800,AAPL,-0.015037056846080588,38.00749969482422,,,38.0724983215332,0.7674980163574219,1.2150203552246093,,,38.42499923706055,37.877498626708984,0.0,0.5724983215332031,0.22553593749999998,0.4275875549316407,,,18.562317621280286,35.19180177459633,,,31.0,,,,S
2019-01-15,37.567501068115234,38.34749984741211,37.51250076293945,38.26750183105469,36.7779541015625,114843600,AAPL,0.020466715494791732,38.12350006103516,,,37.5,0.8474998474121094,1.1415162536621093,,,37.817501068115234,37.30500030517578,0.529998779296875,0.0,0.286428505859375,0.34207004394531254,,,25.09193407807212,29.966287632603944,,,9.0,,17.6,,B
2019-01-16,38.27000045776367,38.970001220703125,38.25,38.73500061035156,37.227256774902344,122278800,AAPL,0.01221660042928363,38.20500030517578,,,38.26750183105469,0.720001220703125,1.0572132470703124,,,38.34749984741211,37.51250076293945,0.6225013732910156,0.0,0.35364307934570316,0.27365603515625003,,,33.45049641836197,25.884658172283565,,,13.0,,16.68,,B
2019-01-17,38.54999923706055,39.415000915527344,38.314998626708984,38.96500015258789,37.448307037353516,119284800,AAPL,0.005937770455975322,38.30800018310547,,,38.73500061035156,1.1000022888183594,1.0657710554199218,,,38.970001220703125,38.25,0.44499969482421875,0.0,0.3719144024414063,0.21892482812500003,,,34.89627538203964,20.54144996823375,,,26.0,,18.544,,B
2019-01-18,39.375,39.470001220703125,38.994998931884766,39.20500183105469,37.678951263427734,135004000,AAPL,0.006159416849145227,38.53450088500976,,,38.96500015258789,0.5050010681152344,0.9536170579589843,,,39.415000915527344,38.314998626708984,0.05500030517578125,0.0,0.30853158298828126,0.17513986250000002,,,32.353823834551356,18.365848328557572,,,28.0,,20.435200000000002,,B
2019-01-22,39.102500915527344,39.182498931884766,38.154998779296875,38.32500076293945,36.833213806152344,121576000,AAPL,-0.022446142762788446,38.699501037597656,,,39.20500183105469,1.0500030517578125,0.9728942567187499,,,39.470001220703125,38.994998931884766,0.0,0.8400001525878906,0.24682526639062502,0.30811192051757813,,,25.370204900076697,31.66962065915957,,,11.0,,18.548160000000003,,S
2019-01-23,38.537498474121094,38.78499984741211,37.92499923706055,38.47999954223633,36.982177734375,92522400,AAPL,0.004044325537150728,38.742000579833984,38.07266667683919,0.9827233004755259,38.32500076293945,0.8600006103515625,0.9503155274453124,,,39.182498931884766,38.154998779296875,0.0,0.22999954223632812,0.1974602131125,0.2924894448613281,,,20.778384379693637,30.778140145474993,,,19.0,,18.638528,,B
2019-01-24,38.52750015258789,38.619998931884766,37.935001373291016,38.17499923706055,36.68904495239258,101766000,AAPL,-0.00792620345125028,38.630000305175784,37.98566665649414,0.9833203819934914,38.47999954223633,0.68499755859375,0.897251933675,1.092333984375,0.8214080551456797,38.78499984741211,37.92499923706055,0.0,0.0,0.15796817049,0.23399155588906248,0.2569999694824219,0.3133331298828125,17.605776545165828,26.0786906226739,23.527599906128472,28.684736936212058,19.0,10.0,18.7108224,,S
2019-01-25,38.869998931884766,39.532501220703125,38.58000183105469,39.439998626708984,37.904808044433594,134142000,AAPL,0.03313685435310676,38.725,38.2451665242513,0.9876092065655597,38.17499923706055,1.3575019836425781,0.9893019436685156,1.1100118509928383,0.8912534967835208,38.619998931884766,37.935001373291016,0.9125022888183594,0.0,0.3088749941556719,0.18719324471124998,0.3007001241048177,0.2924442545572916,31.221508876279565,18.92175042304098,27.08981204442635,26.346047953967155,25.0,1.0,19.968657920000002,,B
2019-01-28,38.9474983215332,39.08250045776367,38.415000915527344,39.07500076293945,37.55402755737305,104768400,AAPL,-0.009254510052704501,38.69899978637695,38.37916666666667,0.9917353646999716,39.439998626708984,1.0249977111816406,0.9964410971711406,1.1043442416720917,0.9022921110743743,39.532501220703125,38.58000183105469,0.0,0.16500091552734375,0.2470999953245375,0.18275477887446873,0.2806534491644965,0.2839480319552951,24.798254109153593,18.340750837485807,25.41358378792813,25.711913119170916,15.0,1.0,18.974926336000003,,S
2019-01-29,39.0625,39.532501220703125,38.52750015258789,38.66999816894531,37.16478729248047,166348800,AAPL,-0.010364749483978586,38.767999267578126,38.49166666666667,0.9928721469734819,39.07500076293945,1.0050010681152344,0.9981530913599593,1.0977213634349678,0.9092954957499948,39.08250045776367,38.415000915527344,0.4500007629394531,0.0,0.28768014884752063,0.14620382309957497,0.29194327008282694,0.2650181631582754,28.821245091327967,14.647434783814155,26.595389304375374,24.142571328755583,33.0,5.0,21.779941068800003,,S
2019-01-30,40.8125,41.537498474121094,40.057498931884766,41.3125,39.70442581176758,244439200,AAPL,0.06833467691179762,39.33449935913086,38.733333333333334,0.9847165710612261,38.66999816894531,2.8675003051757812,1.3720225341231238,1.2157066262176888,1.1285802878213849,39.532501220703125,38.52750015258789,2.0049972534179688,0.0,0.6311435697616103,0.11696305847965997,0.4061468689718364,0.2473502856143904,46.00096237959983,8.524864247540402,33.40829606526388,20.346215137771157,69.0,24.0,31.22395285504,,B
2019-01-31,41.52750015258789,42.25,41.13999938964844,41.61000061035156,39.99034881591797,162958400,AAPL,0.007201225061459926,40.02149963378906,38.95216674804688,0.9732810390533349,41.3125,1.1100006103515625,1.3196181493688115,1.2086595584932804,1.0918030144185948,41.537498474121094,40.057498931884766,0.7125015258789062,0.0,0.6474151609850696,0.09357044678372797,0.42657051276564106,0.23086026657343106,49.060795450163795,7.090721420320249,35.29285891698118,19.100520485786944,75.0,30.0,39.979162284032,,B
2019-02-01,41.7400016784668,42.244998931884766,41.48249816894531,41.630001068115234,40.00957107543945,130672400,AAPL,0.00048066468325647094,40.45950012207031,39.16416676839193,0.9679844449444449,41.61000061035156,0.7625007629394531,1.2081946720829397,1.178915638789692,1.024835562723815,42.25,41.13999938964844,0.0,0.0,0.5179321287880556,0.07485635742698238,0.398132478581265,0.21546958213520231,42.868267900497806,6.1957198750040225,33.77107449265827,18.276929667029396,75.0,30.0,46.9833298272256,,B
2019-02-04,41.852500915527344,42.915000915527344,41.81999969482422,42.8125,41.14603042602539,125982000,AAPL,0.02840497001068898,41.206999969482425,39.480166880289715,0.9580936954771863,41.630001068115234,1.2849998474121094,1.2235557071487737,1.18598791936452,1.0316763663194677,42.244998931884766,41.48249816894531,0.6700019836425781,0.0,0.5483460997589601,0.059885085941585904,0.4162571122520192,0.2011049433261888,44.81578538314038,4.894348952949177,35.09792177942753,16.95674467189729,80.0,35.0,53.58666386178048,,B
2019-02-05,43.21500015258789,43.77000045776367,43.087501525878906,43.54499816894531,41.85002517700195,144406400,AAPL,0.017109446281934337,42.18199996948242,39.8831667582194,0.9455020337365189,42.8125,0.9575004577636719,1.1703446572717533,1.1707554219244636,0.9996491456327957,42.915000915527344,41.81999969482422,0.8549995422363281,0.0,0.6096767882544337,0.04790806875326872,0.4455066075843065,0.18769794710444287,52.09378147422663,4.093500872208835,38.05291858926367,16.032208229786274,85.0,41.0,59.869331089424385,,B
2019-02-06,43.662498474121094,43.89250183105469,43.212501525878906,43.560001373291016,41.86445236206055,112958400,AAPL,0.0003445448381349525,42.631500244140625,40.236000061035156,0.9438091512288566,43.54499816894531,0.6800003051757812,1.072275786852559,1.138038414141218,0.9422140531712326,43.77000045776367,43.087501525878906,0.12250137329101562,0.0,0.5122417052617501,0.03832645500261498,0.4239729252980871,0.17518475063081335,47.771451294757696,3.574309470804546,37.25471126719601,15.39357094224368,86.0,42.0,65.0954648715395,,B
2019-02-07,43.099998474121094,43.48500061035156,42.584999084472656,42.73500061035156,41.071556091308594,126966800,AAPL,-0.01893941085698192,42.856500244140626,40.50266672770182,0.945076394408556,43.560001373291016,0.9750022888183594,1.052821087245719,1.1271693391196942,0.9340398560414709,43.89250183105469,43.212501525878906,0.0,0.62750244140625,0.40979336420940005,0.15616165228334197,0.395708063611548,0.2053392633491758,38.92336211477857,14.832686595580624,35.1063544649459,18.21725061378473,45.0,32.0,61.0763718972316,,S
2019-02-08,42.247501373291016,42.665000915527344,42.10499954223633,42.602500915527344,41.11981201171875,95280000,AAPL,-0.003100495915100643,43.05100021362305,40.74516677856445,0.9464394921461328,42.73500061035156,0.6300010681152344,0.9682570834196221,1.094024787719397,0.8850412662386288,43.48500061035156,42.584999084472656,0.0,0.4799995422363281,0.32783469136752,0.22092923027393924,0.3693275260374448,0.2236499486083193,33.858228045148564,22.817207749586192,33.75860676862218,20.442859350064616,19.0,25.0,52.66109751778529,,S
2019-02-11,42.76250076293945,42.8025016784668,42.3125,42.35749816894531,40.883338928222656,83973600,AAPL,-0.0057509005649181155,42.95999984741211,40.9553332010905,0.9533364373034938,42.602500915527344,0.4900016784667969,0.8726060024290572,1.0537565804358904,0.8280906792231849,42.665000915527344,42.10499954223633,0.13750076293945312,0.0,0.28976790568190663,0.1767433842191514,0.35387240849757867,0.20873995203443135,33.207186848965634,20.254660605949777,33.58198801009603,19.809124413542005,24.0,26.0,46.92887801422823,,S
2019-02-12,42.525001525878906,42.75,42.42499923706055,42.72249984741211,41.23564910888672,89134000,AAPL,0.008617168016179066,42.79550018310547,41.248499806722,0.9638513308697305,42.35749816894531,0.3925018310546875,0.7765851681541832,1.0096729304771435,0.7691452793403014,42.8025016784668,42.3125,0.0,0.0,0.2318143245455253,0.14139470737532112,0.33028091459774006,0.19482395523213594,29.850470244816847,18.207237682815055,32.71167371414607,19.295749083821384,24.0,26.0,42.34310241138259,,B
2019-02-13,42.84749984741211,43.119998931884766,42.47999954223633,42.54499816894531,41.06431198120117,89960800,AAPL,-0.004154758712640039,42.592499542236325,41.51949971516927,0.9748077751106616,42.72249984741211,0.6399993896484375,0.7492680124530341,0.9850280277552297,0.7606565410737939,42.75,42.42499923706055,0.3699989318847656,0.0,0.2594512460133734,0.11311576590025689,0.3329287824168751,0.18183569154999354,34.627295133546944,15.096836381674208,33.79891465378738,18.45995102945213,39.0,29.0,41.67448192910607,23.8,S
2019-02-14,42.4275016784668,42.814998626708984,42.345001220703125,42.70000076293945,41.21392059326172,87342800,AAPL,0.0036432624436515404,42.5854995727539,41.8211664835612,0.9820517993950757,42.54499816894531,0.4699974060058594,0.6934138911635992,0.9506926529719383,0.729377563817217,43.119998931884766,42.47999954223633,0.0,0.13499832153320312,0.2075609968106987,0.11749227702684614,0.3107335302557501,0.17871320021554085,29.933204317899687,16.94403278101128,32.684961778590925,18.798209879593543,28.0,27.0,38.939585543284856,24.013333333333332,B
2019-02-15,42.8125,42.92499923706055,42.4375,42.60499954223633,41.122230529785156,98507200,AAPL,-0.0022248529041146714,42.5859992980957,42.03216654459636,0.9869949569664294,42.70000076293945,0.4874992370605469,0.6522309603429888,0.9198130919111789,0.7090907555879526,42.814998626708984,42.345001220703125,0.1100006103515625,0.0,0.18804891951887145,0.09399382162147692,0.29735133559547094,0.16679898686783812,28.83164568268611,14.411125404419375,32.32736500604022,18.13400878229128,33.0,28.0,37.75166843462789,24.27911111111111,S
2019-02-19,42.4275016784668,42.86000061035156,42.372501373291016,42.73249816894531,41.245296478271484,75891200,AAPL,0.002992574300642481,42.6609992980957,42.27599970499674,0.9909753733050471,42.60499954223633,0.4874992370605469,0.6192846156865004,0.8909921682544701,0.6950505714317691,42.92499923706055,42.4375,0.0,0.06499862670898438,0.15043913561509717,0.08819478263897841,0.2775279132224396,0.1600122961905812,24.29240639997648,14.241397316355286,31.148187729432063,17.958889190244957,26.0,27.0,35.40133474770231,24.4605037037037,B
2019-02-20,42.79750061035156,43.33000183105469,42.747501373291016,43.00749969482422,41.510711669921875,104457600,AAPL,0.006435418888726563,42.71799926757812,42.56516647338867,0.9964222857622116,42.73249816894531,0.597503662109375,0.6149284249710754,0.871426267844797,0.7056574350138771,42.86000061035156,42.372501373291016,0.470001220703125,0.0,0.21435155263270272,0.07055582611118273,0.2903594670544853,0.14934480977787576,34.85796784280793,11.473827399424819,33.32002692236941,17.137974294398294,50.0,32.0,38.32106779816185,24.963136790123453,B
2019-02-21,42.95000076293945,43.092498779296875,42.57500076293945,42.76499938964844,41.27666091918945,68998800,AAPL,-0.005638558551334882,42.76199951171875,42.661999766031904,0.9976614810619545,43.00749969482422,0.5174980163574219,0.5954423432483447,0.847831051078972,0.7023124978621261,43.33000183105469,42.747501373291016,0.0,0.1725006103515625,0.17148124210616217,0.09094478295925869,0.2710021692508529,0.15088852981612152,28.798966692672956,15.273482645376433,31.964171270439838,17.79700444140337,31.0,28.0,36.85685423852948,25.165594337448557,S
2019-02-22,42.89500045776367,43.25,42.845001220703125,43.24250030517578,41.7375373840332,75652800,AAPL,0.011165694431014783,42.87049942016601,42.770833079020186,0.9976751765784435,42.76499938964844,0.4850006103515625,0.5733539966689882,0.823642355030478,0.6961200977185927,43.092498779296875,42.57500076293945,0.157501220703125,0.0,0.16868523782555472,0.07275582636740695,0.26343543934767105,0.14082929449504675,29.420783461101603,12.689512376314823,31.98420257757664,17.098355085179602,40.0,30.0,37.48548339082358,25.487888048285317,B
2019-02-25,43.540000915527344,43.967498779296875,43.48749923706055,43.557498931884766,42.04158020019531,87493600,AAPL,0.0072844683930379794,43.0609992980957,42.899332936604814,0.9962456430615618,43.24250030517578,0.7249984741210938,0.6036828921594093,0.8170660963031857,0.7388421755483082,43.25,42.845001220703125,0.717498779296875,0.0,0.27844794611981877,0.05820466109392556,0.293706328677618,0.13144067486204364,46.124869486328166,9.64159525636449,35.94645892253905,16.08690844678867,65.0,38.0,42.988386712658865,26.322028845066296,B
2019-02-26,43.4275016784668,43.82500076293945,43.29249954223633,43.58250045776367,42.06571960449219,68280800,AAPL,0.0005739890143372506,43.23099975585937,42.95066630045573,0.9935154528697744,43.557498931884766,0.532501220703125,0.5894465578681525,0.798095104596515,0.7385668129942398,43.967498779296875,43.48749923706055,0.0,0.19499969482421875,0.22275835689585502,0.08556366783998419,0.2741259067657768,0.13567794285952198,37.79110318355301,14.515933072786403,34.34752389621083,17.000222414359417,44.0,34.0,43.190709370127095,26.833893588728543,B
2019-02-27,43.3025016784668,43.75,43.182498931884766,43.717498779296875,42.196014404296875,111341600,AAPL,0.0030975350224347054,43.372999572753905,42.96216634114583,0.9905279036346347,43.58250045776367,0.5675010681152344,0.5850574599175689,0.7827221688310964,0.7474650434282236,43.82500076293945,43.29249954223633,0.0,0.1100006103515625,0.178206685516684,0.09045105634229986,0.255850846314725,0.13396612069232466,30.459689470807238,15.460200499801143,32.68731313651282,17.115411576036916,33.0,31.0,41.152567496101675,27.111634016146642,B
2019-02-28,43.58000183105469,43.727500915527344,43.22999954223633,43.287498474121094,41.78097915649414,112861600,AAPL,-0.009835885336134886,43.477499389648436,42.943999481201175,0.9877292871959816,43.717498779296875,0.4975013732910156,0.5675462425922582,0.7637074491284243,0.743146139585212,43.75,43.182498931884766,0.0,0.0,0.1425653484133472,0.07236084507383989,0.23879412322707663,0.12503504597950302,25.119600433293737,12.74977079283142,31.267748337350742,16.372112923894928,33.0,31.0,39.52205399688134,27.3708584150702,S
2019-03-01,43.56999969482422,43.787498474121094,43.22249984741211,43.74250030517578,42.22013473510742,103544800,AAPL,0.010511160198520164,43.57749938964844,43.011166127522785,0.9870039981628642,43.287498474121094,0.5649986267089844,0.5670367194156034,0.7504601943004616,0.7555853377995143,43.727500915527344,43.22999954223633,0.05999755859375,0.0,0.12605179044942777,0.05788867605907191,0.2268743522515215,0.11669937624753615,22.229916711450123,10.208981901336628,30.231363898387908,15.550375240930267,37.0,32.0,39.01764319750507,27.67946785406552,B
2019-03-04,43.92250061035156,44.4375,43.49250030517578,43.962501525878906,42.43248748779297,109744800,AAPL,0.00502946148867256,43.65849990844727,43.10183283487956,0.9872495144190696,43.74250030517578,0.9449996948242188,0.6426293144973265,0.7634294943353788,0.8417664227877157,43.787498474121094,43.22249984741211,0.6500015258789062,0.0,0.23084173753532347,0.04631094084725752,0.2550828304933471,0.10891941783103375,35.92144527609841,7.206478105263931,33.412755517838015,14.267122064213156,67.0,40.0,44.61411455800406,28.500836663794484,B
2019-03-05,43.98500061035156,44.0,43.6349983215332,43.88249969482422,42.35527038574219,78949600,AAPL,-0.0018197743139706235,43.718499755859376,43.20349960327148,0.9882200863372749,43.962501525878906,0.3650016784667969,0.5871037872912206,0.7368676399441401,0.7967561003706546,44.4375,43.49250030517578,0.0,0.0,0.18467339002825878,0.03704875267780602,0.2380773084604573,0.10165812330896483,31.454981900270962,6.310426449255514,32.309372206724305,13.795981503092097,67.0,40.0,49.09129164640325,29.267447552874852,S
2019-03-06,43.66749954223633,43.872501373291016,43.48500061035156,43.630001068115234,42.111549377441406,83241600,AAPL,-0.005753970910156836,43.70100021362305,43.263999684651694,0.9900002167722668,43.88249969482422,0.39749908447265625,0.5491828467275077,0.7142430695793744,0.7689018908519861,44.0,43.6349983215332,0.0,0.14999771118164062,0.14773871202260702,0.059638544378572945,0.22220548789642683,0.10488076250047655,26.901552534453373,10.859506034092187,31.110625690395015,14.684183433833246,42.0,36.0,47.6730333171226,29.716284382683195,S
2019-03-07,43.467498779296875,43.61000061035156,43.005001068115234,43.125,41.62413024902344,99185600,AAPL,-0.01157462882769189,43.66850051879883,43.30266647338867,0.9916224729252456,43.630001068115234,0.625,0.5643462773820062,0.708293531607416,0.7967689272853685,43.872501373291016,43.48500061035156,0.0,0.4799995422363281,0.11819096961808562,0.14371074395012398,0.20739178870333172,0.12988868114953334,20.942987374059015,25.464993694438093,29.28048604830154,18.338256012978302,10.0,23.0,40.13842665369808,29.268532090504316,S
2019-03-08,42.58000183105469,43.26750183105469,42.375,43.227500915527344,41.72306442260742,95997600,AAPL,0.0023768328238225056,43.56550064086914,43.337833150227866,0.9947741334934254,43.125,0.8925018310546875,0.6299773881165425,0.7205740849039007,0.8742715028400714,43.61000061035156,43.005001068115234,0.0,0.6300010681152344,0.09455277569446849,0.24096880878314603,0.19356566945644296,0.16322950694724672,15.00891579254218,38.25039014552187,26.86270204711259,22.652702944349684,44.0,9.0,40.910741322958465,27.917296617804027,B
2019-03-11,43.872501373291016,44.779998779296875,43.837501525878906,44.724998474121094,43.16844940185547,128044000,AAPL,0.03464224225036916,43.71800003051758,43.479166412353514,0.994536950043521,43.227500915527344,1.5524978637695312,0.8144814832471402,0.7760356701616095,1.0495412963137691,43.26750183105469,42.375,1.5124969482421875,0.0,0.3781416102040123,0.19277504702651682,0.2814944213754926,0.15234753981743027,46.42728140318837,23.66843826307376,36.27338693295778,19.631512529018657,32.0,30.0,39.128593058366775,28.056143509950424,B
2019-03-12,45.0,45.66749954223633,44.842498779296875,45.227500915527344,43.65346145629883,129870400,AAPL,0.011235381968699443,43.9870002746582,43.64549992879232,0.9922363347413207,44.724998474121094,0.9425010681152344,0.8400854002207592,0.7871333633585178,1.0672720015783694,44.779998779296875,43.837501525878906,0.8875007629394531,0.0,0.4800134407511004,0.15422003762121345,0.3218948441464233,0.1421910371629349,57.138648121365,18.35766192111983,40.89457506577687,18.064414974895527,51.0,39.0,41.50287444669342,28.785733942620393,B
2019-03-13,45.5625,45.82500076293945,45.22999954223633,45.4275016784668,43.84650421142578,124130000,AAPL,0.004422105110627239,44.346500396728516,43.80683339436849,0.9878306744042459,45.227500915527344,0.5974998474121094,0.7915682896590293,0.7744911289620906,1.022049523949776,45.66749954223633,44.842498779296875,0.157501220703125,0.0,0.4155109967415053,0.12337603009697076,0.31093526925020337,0.13271163468540592,52.49212255843246,15.58627748341402,40.14704076299664,17.135333088095557,54.0,40.0,44.00229955735473,29.533351679779035,B
2019-03-14,45.974998474121094,46.025001525878906,45.63999938964844,45.932498931884766,44.33392333984375,94318000,AAPL,0.011116553514043392,44.90800018310547,44.01800003051758,0.9801817015017579,45.4275016784668,0.5974998474121094,0.7527546012096453,0.7626917101920919,0.986971001717137,45.82500076293945,45.22999954223633,0.20000076293945312,0.0,0.37240894998109486,0.0987008240775766,0.30353963549615337,0.12386419237304552,49.47282280077056,13.111952277537526,39.798470527456466,16.24040103200401,58.0,42.0,46.80183964588379,30.364461567793764,B
2019-03-15,46.212501525878906,46.83250045776367,45.935001373291016,46.529998779296875,44.91062545776367,156171600,AAPL,0.013008215562104963,45.56849975585938,44.23716659545899,0.9707839150392656,45.932498931884766,0.9000015258789062,0.7822039861434975,0.7718456979045462,1.013420154141006,46.025001525878906,45.63999938964844,0.8074989318847656,0.0,0.459426946361829,0.07896065926206128,0.33713692192206085,0.11560657954817583,58.73492778104379,10.094637800474686,43.679316065029674,14.97793922568094,71.0,49.0,51.64147171670703,31.606830796607515,B
2019-03-18,46.45000076293945,47.09749984741211,46.4474983215332,47.005001068115234,45.36910629272461,104879200,AAPL,0.010208517113258653,46.0245002746582,44.467000071207686,0.9661593239653685,46.529998779296875,0.6500015258789062,0.7557634940905793,0.7637227531028368,0.9895783398099366,46.83250045776367,45.935001373291016,0.2649993896484375,0.0,0.4205414350191507,0.06316852740964903,0.3323277531038193,0.10789947424496411,55.644581712059804,8.358240098069382,43.51418780619604,14.128094757762867,74.0,51.0,56.11317737336562,32.89970874350035,B
2019-03-19,47.087501525878906,47.247501373291016,46.47999954223633,46.63249969482422,45.00955581665039,126585600,AAPL,-0.007924717898659783,46.30550003051758,44.67033335367839,0.9646874199444658,47.005001068115234,0.7675018310546875,0.758111161483401,0.7639746916329602,0.9923249680731882,47.09749984741211,46.4474983215332,0.15000152587890625,0.0,0.3664334531911018,0.05053482192771922,0.3201726712888251,0.1007061759619665,48.335055834569054,6.665885492153606,41.908805984720644,13.181873308749504,76.0,52.0,60.09054189869251,34.17306149393366,S
2019-03-20,46.557498931884766,47.372501373291016,46.182498931884766,47.040000915527344,45.40287780761719,124140800,AAPL,0.008738566951588034,46.62799987792969,44.89183349609375,0.9627655832036297,46.63249969482422,1.19000244140625,0.8444894174679707,0.7923765416178462,1.0657678175879894,47.247501373291016,46.47999954223633,0.0,0.2975006103515625,0.29314676255288147,0.09992797961248787,0.2988278265362368,0.1138258049212729,34.71289947384093,11.832946339588426,37.712856305172885,14.365115439796769,49.0,45.0,57.872433518954004,34.894857394338075,B
2019-03-21,47.505001068115234,49.08250045776367,47.45249938964844,48.772499084472656,47.075077056884766,204136800,AAPL,0.03683031750055599,47.19599990844726,45.25750020345052,0.9589266101204101,47.040000915527344,2.042499542236328,1.0840914424216421,0.8757180749924116,1.2379457194954393,47.372501373291016,46.182498931884766,1.7099990844726562,0.0,0.5765172269368364,0.07994238368999029,0.39290591039866474,0.10623741792652136,53.17975997015647,7.3741365868007485,44.8667124293477,12.131463419599047,76.0,57.0,61.49794681516321,36.36853356804887,B
2019-03-22,48.834999084472656,49.42250061035156,47.69499969482422,47.76250076293945,46.10023880004883,169630800,AAPL,-0.020708356973546005,47.442500305175784,45.525500233968096,0.9595931905174367,48.772499084472656,1.7275009155273438,1.2127733370427825,0.9325035976947404,1.3005562016499477,49.08250045776367,47.45249938964844,0.3400001525878906,0.0,0.5292138120670472,0.06395390695199224,0.38937885987794646,0.09915492339808661,43.6366628373838,5.273360239592419,41.756284998850106,10.633194729029395,78.0,59.0,64.79835745213056,37.87729799684561,S
2019-03-25,47.877498626708984,47.994998931884766,46.650001525878906,47.185001373291016,45.542823791503906,175381200,AAPL,-0.012091062662626273,47.47850036621094,45.740333557128906,0.9633904441868381,47.76250076293945,1.3449974060058594,1.2392181508353979,0.9600031849154818,1.2908479579101584,49.42250061035156,47.69499969482422,0.0,1.0449981689453125,0.42337104965363775,0.26016275935065625,0.3634202692194167,0.16221113976790166,34.16436802254949,20.994104966528447,37.85615245134964,16.896937668199786,24.0,38.0,56.63868596170445,37.88547813038924,S
2019-03-26,47.915000915527344,48.220001220703125,46.14500045776367,46.6974983215332,45.07229995727539,199202000,AAPL,-0.010331737576970035,47.49150009155274,45.928000132242836,0.9670783201984391,47.185001373291016,2.075000762939453,1.406374673256209,1.0343363567837465,1.3596879429330997,47.994998931884766,46.650001525878906,0.0,0.5050010681152344,0.3386968397229102,0.30913042110357186,0.33919225127145564,0.18506380165772385,24.08297348946979,21.980658993796844,32.79322524504204,17.89203293918595,5.0,29.0,46.310948769363556,37.293112921696626,S
2019-03-27,47.1875,47.439998626708984,46.63750076293945,47.11750030517578,45.47768020629883,119393600,AAPL,0.008994100299563712,47.50699996948242,46.160500081380206,0.9716568108075193,46.6974983215332,0.8024978637695312,1.2855993113588735,1.0188804572494654,1.2617763960547768,48.220001220703125,46.14500045776367,0.0,0.0,0.2709574717783282,0.2473043368828575,0.31657943452002524,0.17272621488054227,21.076354769662036,19.236501972100292,31.071303043210012,16.952549600060838,5.0,29.0,38.048759015490845,36.74023872691685,B
2019-03-28,47.23749923706055,47.38999938964844,46.88249969482422,47.18000030517578,45.538002014160156,83121600,AAPL,0.0013264710478100294,47.188500213623044,46.430833435058595,0.9839438258233578,47.11750030517578,0.5074996948242188,1.1299793880519426,0.9847884064211156,1.1474336828948617,47.439998626708984,46.63750076293945,0.0,0.0,0.21676597742266254,0.197843469506286,0.2954741388853569,0.16121113388850614,19.18317977431092,17.50859100601502,30.003819801165093,16.37012914016465,5.0,29.0,31.439007212392674,36.22422281178906,B
2019-03-29,47.45750045776367,47.52000045776367,47.1349983215332,47.48749923706055,45.83480453491211,94256000,AAPL,0.006517569518774025,47.13349990844726,46.71483332316081,0.9911174305727418,47.18000030517578,0.38500213623046875,0.9809839376876479,0.9448026550750726,1.0382950687302,47.38999938964844,46.88249969482422,0.13000106811523438,0.0,0.19941299556117692,0.1582747756050288,0.2844426008340154,0.15046372496260574,20.327855319550746,16.1342881900911,30.106033181227037,15.925413011318234,12.0,31.0,27.55120576991414,35.87594129100312,B
2019-01-02,259.2799987792969,269.75,256.5799865722656,267.6600036621094,267.6600036621094,11679500,NFLX,,,,,,,,,,,,,,,,,,,,,,,,,,B
2019-01-03,270.20001220703125,275.7900085449219,264.42999267578125,271.20001220703125,271.20001220703125,14969600,NFLX,0.013225765883911222,,,,267.6600036621094,11.360015869140625,,,,269.75,256.5799865722656,6.040008544921875,0.0,,,,,,,,,,,,,B
2019-01-04,281.8800048828125,297.79998779296875,278.5400085449219,297.57000732421875,297.57000732421875,19330100,NFLX,0.09723449089322656,,,,271.20001220703125,26.5999755859375,,,,275.7900085449219,264.42999267578125,22.009979248046875,0.0,,,,,,,,,,,,,B
2019-01-07,302.1000061035156,316.79998779296875,301.6499938964844,315.3399963378906,315.3399963378906,18620100,NFLX,0.05971700297843019,,,,297.57000732421875,19.22998046875,,,,297.79998779296875,278.5400085449219,19.0,0.0,,,,,,,,,,,,,B
2019-01-08,319.9800109863281,320.5899963378906,308.010009765625,320.2699890136719,320.2699890136719,15359200,NFLX,0.0156338958997726,294.4080017089844,,,315.3399963378906,12.579986572265625,,,,316.79998779296875,301.6499938964844,3.790008544921875,0.0,,,,,,,,,,,,,B
2019-01-09,317.7099914550781,323.3500061035156,313.5,319.9599914550781,319.9599914550781,13343200,NFLX,-0.0009679257165132737,304.8679992675781,,,320.2699890136719,9.850006103515625,15.923992919921876,,,320.5899963378906,308.010009765625,2.760009765625,0.0,10.720001220703125,0.0,,,67.31980649961076,0.0,,,100.0,,,,S
2019-01-10,314.57000732421875,325.3699951171875,312.5,324.6600036621094,324.6600036621094,13472500,NFLX,0.014689374711060132,315.55999755859375,,,319.9599914550781,12.8699951171875,15.313193359375001,,,323.3500061035156,313.5,2.019989013671875,0.0,8.979998779296874,0.0,,,58.64223463095739,0.0,,,100.0,,,,B
2019-01-11,330.9599914550781,341.0899963378906,328.5199890136719,337.5899963378906,337.5899963378906,19500400,NFLX,0.039826256791514636,323.5639953613281,,,324.6600036621094,16.42999267578125,15.536553222656249,,,325.3699951171875,312.5,15.720001220703125,0.0,10.327999267578125,0.0,,,66.47548603326814,0.0,,,100.0,,,,B
2019-01-14,334.239990234375,335.4800109863281,329.1300048828125,332.94000244140625,332.94000244140625,10499600,NFLX,-0.01377408675294467,327.08399658203126,,,337.5899963378906,8.459991455078125,14.121240869140625,,,341.0899963378906,328.5199890136719,0.0,0.0,8.2623994140625,0.0,,,58.51043467517402,0.0,,,100.0,,,,S
2019-01-15,349.6000061035156,357.2200012207031,347.0,354.6400146484375,354.6400146484375,21181200,NFLX,0.06517694493875137,333.9580017089844,,,332.94000244140625,24.279998779296875,16.152992451171876,,,335.4800109863281,329.1300048828125,21.739990234375,0.0,10.957917578125,0.0,,,67.8383130014403,0.0,,,100.0,,100.0,,B
2019-01-16,354.0,358.8500061035156,348.1099853515625,351.3900146484375,351.3900146484375,15385500,NFLX,-0.0091642224953713,340.24400634765624,,,354.6400146484375,10.740020751953125,15.070398111328126,,,357.2200012207031,347.0,1.6300048828125,0.0,9.092335039062501,0.0,,,60.33241439207879,0.0,,,100.0,,100.0,,S
2019-01-17,349.5,355.7900085449219,346.4100036621094,353.19000244140625,353.19000244140625,18871200,NFLX,0.0051224784937888845,345.95000610351565,,,351.3900146484375,9.3800048828125,13.932319465625,,,358.8500061035156,348.1099853515625,0.0,1.699981689453125,7.273868031250001,0.339996337890625,,,52.20859347358999,2.4403426775383155,,,91.0,,98.2,,B
2019-01-18,351.9700012207031,353.0,336.7300109863281,339.1000061035156,339.1000061035156,26621000,NFLX,-0.03989353107532578,346.25200805664065,,,353.19000244140625,16.459991455078125,14.437853863515624,,,355.7900085449219,346.4100036621094,0.0,9.67999267578125,5.819094425000001,2.20799560546875,,,40.30442806811351,15.29310122087011,,,45.0,,87.56,,S
2019-01-22,334.8900146484375,336.8800048828125,321.0299987792969,325.1600036621094,325.1600036621094,17941400,NFLX,-0.0411088239177172,344.6960083007813,,,339.1000061035156,18.07000732421875,15.164284555656248,,,353.0,336.7300109863281,0.0,15.70001220703125,4.655275540000001,4.90639892578125,,,30.698946085548044,32.35496477116141,,,3.0,,70.648,,S
2019-01-23,328.25,331.75,318.6000061035156,321.989990234375,321.989990234375,13480100,NFLX,-0.009749087809177492,338.16600341796874,322.1773356119792,0.952719470188055,325.1600036621094,13.149993896484375,14.761426423821874,,,336.8800048828125,321.0299987792969,0.0,2.42999267578125,3.7242204320000005,4.4111176757812505,,,25.229407545532883,29.882733207020046,,,8.0,,58.118399999999994,,S
2019-01-24,320.6000061035156,331.79998779296875,319.0,326.6700134277344,326.6700134277344,11131600,NFLX,0.014534685348301712,333.2220031738281,326.11133626302086,0.9786608722020739,321.989990234375,12.79998779296875,14.369138697651248,14.817329915364583,0.969752227947048,331.75,318.6000061035156,0.04998779296875,0.0,2.9893739041937506,3.5288941406250003,6.317331949869792,1.9673319498697917,20.80412728344245,24.558842494865935,42.6347525900678,13.27723659462964,8.0,53.0,48.094719999999995,,B
2019-01-25,328.7200012207031,340.0,328.510009765625,338.04998779296875,338.04998779296875,11152900,NFLX,0.03483629931570631,330.1940002441406,330.56800130208336,1.0011326706653247,326.6700134277344,13.329986572265625,14.161308272574123,14.71817369249132,0.9621647745466348,331.79998779296875,319.0,8.20001220703125,0.0,4.031501564761251,2.8231153125,6.442843967013889,1.8361764865451389,28.46842598977219,19.935413156476947,43.77475155291037,12.4755728863418,18.0,56.0,42.075776,,B
2019-01-28,334.70001220703125,336.29998779296875,328.8800048828125,335.6600036621094,335.6600036621094,8652100,NFLX,-0.0070699133771987555,329.50599975585936,333.107334391276,1.0109294963918258,338.04998779296875,9.16998291015625,13.16304320009055,14.348294307002314,0.9173942852333791,340.0,328.510009765625,0.0,0.0,3.2252012518090005,2.25849225,6.01332103587963,1.713764720775463,24.501942315184486,17.15782753022085,41.909657742000626,11.944031005407412,18.0,56.0,37.2606208,,S
2019-01-29,335.8699951171875,338.2200012207031,328.1499938964844,328.8999938964844,328.8999938964844,7655200,NFLX,-0.020139455675004747,330.2539978027344,334.01133422851564,1.011377111104725,335.6600036621094,10.07000732421875,12.544436024916191,14.063075174816742,0.8920122995132649,336.29998779296875,328.8800048828125,1.920013427734375,0.0,2.9641636869940755,1.8067938000000001,5.740433862003281,1.599513739390432,23.6293100870103,14.403148905309765,40.81919345978384,11.373854718879262,24.0,56.0,34.60849664,,S
2019-01-30,332.75,341.7799987792969,330.79998779296875,340.6600036621094,340.6600036621094,9234500,NFLX,0.03575557915433181,333.9880004882813,335.37066853841145,1.0041398734329041,328.8999938964844,12.8800048828125,12.611549796495453,13.98420382201646,0.901842532975676,338.2200012207031,328.1499938964844,3.55999755859375,0.0,3.0833304613140102,1.44543504,5.595071441775979,1.4928794900977365,24.448465978152964,11.461200751089793,40.009939164124646,10.675470045333405,36.0,58.0,34.886797312,,B
2019-01-31,339.67999267578125,345.989990234375,338.0899963378906,339.5,339.5,8535500,NFLX,-0.003405165413137068,336.5539978027344,336.6733357747396,1.0003545878901583,340.6600036621094,7.899993896484375,11.669238616493237,13.578589826980988,0.8593851618749229,341.7799987792969,330.79998779296875,4.209991455078125,0.0,3.308662660066833,1.156348032,5.502732775996122,1.3933541907578872,28.353715000654695,9.909370011215849,40.52506811172732,10.261405702006394,48.0,60.0,37.5094378496,,S
2019-02-01,337.17999267578125,346.8399963378906,336.5,339.8500061035156,339.8500061035156,9827800,NFLX,0.0010309458130062232,336.91400146484375,337.6860026041667,1.0022913893039958,339.5,10.339996337890625,11.403390160772714,13.362683594374964,0.8533757519764206,345.989990234375,338.0899963378906,0.0,1.589996337890625,2.6469301280534667,1.2430776931781249,5.135883924263047,1.4064636672334032,23.211782555321303,10.900948539446375,38.43452468204069,10.525308462930722,36.0,57.0,37.20755027968,,B
2019-02-04,342.6000061035156,352.0,341.29998779296875,351.3399963378906,351.3399963378906,9051400,NFLX,0.03380900405479248,340.05,338.60266927083336,0.9957437708302701,339.8500061035156,12.149993896484375,11.552710907915046,13.28183761451559,0.8698126903230018,346.8399963378906,336.5,5.160003662109375,0.0,3.149544834864648,0.9944621545424999,5.137491906786136,1.3126994227511763,27.262387676530693,8.608041545133528,38.68058062365874,9.883417196100485,52.0,59.0,40.166040223744,,B
2019-02-05,353.20001220703125,360.0,352.8999938964844,355.80999755859375,355.80999755859375,9046600,NFLX,0.01272272234102334,345.4320007324219,340.12733561197916,0.984643388252405,351.3399963378906,8.660003662109375,10.974169458753911,12.973715351021841,0.8458771571467814,352.0,341.29998779296875,8.0,0.0,4.119635867891718,0.7955697236339999,5.328325779667059,1.2251861279010978,37.539386314155685,7.249475476245605,41.07016097934804,9.443602659315314,68.0,63.0,45.732832178995196,,B
2019-02-06,357.0,357.0400085449219,347.19000244140625,352.19000244140625,352.19000244140625,6717700,NFLX,-0.010173955599972584,347.7380004882813,339.96400146484376,0.9776440912050982,355.80999755859375,9.850006103515625,10.749336787706254,12.76546806785476,0.8420636619486435,360.0,352.8999938964844,0.0,5.709991455078125,3.2957086943133747,1.7784540699228248,4.973104061022588,1.5241731497128996,30.659646817304985,16.544779506367295,38.957475233873815,11.939814048424761,30.0,53.0,42.58626574319616,,S
2019-02-07,347.8999938964844,348.75,339.0199890136719,344.7099914550781,344.7099914550781,7864500,NFLX,-0.021238567064584934,348.7799987792969,339.51866658528644,0.9734464928424096,352.19000244140625,13.170013427734375,11.233472115711878,12.792437758513403,0.8781338105972781,357.0400085449219,347.19000244140625,0.0,8.170013427734375,2.6365669554506996,3.0567659414851347,4.641563790287749,1.9672291682476648,23.470632483816132,27.211230063140846,36.283653498323844,15.37806323848219,7.0,40.0,35.46901259455693,,S
2019-02-08,338.0,348.0,338.0,347.57000732421875,347.57000732421875,7561400,NFLX,0.00829687546063873,350.3239990234375,339.1440002441406,0.9680866888638453,344.7099914550781,10.0,10.986777692569502,12.606275241279176,0.8715324298642442,348.75,339.0199890136719,0.0,1.019989013671875,2.10925356436056,2.6494105559224828,4.332126204268565,1.904079824609279,19.198109066929376,24.114536855645245,34.364839108724546,15.104222208114102,11.0,39.0,30.575210075645543,,B
2019-02-11,350.0,352.8699951171875,344.80999755859375,345.7300109863281,345.7300109863281,5454900,NFLX,-0.005293886984253593,349.202001953125,339.58600056966145,0.9724629259578119,347.57000732421875,8.05999755859375,10.401421665774352,12.303190062433481,0.8454247730053377,348.0,338.0,4.8699951171875,0.0,2.661401874925948,2.1195284447379863,4.3679841317964945,1.777141169635327,25.586904948611323,20.377295650961326,35.50285828009503,14.444555929129663,11.0,42.0,26.660168060516433,,S
2019-02-12,348.0899963378906,360.0,346.5199890136719,359.9700012207031,359.9700012207031,10429400,NFLX,0.041188180898007465,350.03400268554685,341.9066670735677,0.9767812968179541,345.7300109863281,14.269989013671875,11.175135135353857,12.43430999251604,0.8987338374288517,352.8699951171875,344.80999755859375,7.1300048828125,0.0,3.5551224765032585,1.6956227557903891,4.5521188485308945,1.6586650916596386,31.81279182259022,15.17317450977471,36.609340214862925,13.339422072137141,35.0,47.0,28.328134448413145,,B
2019-02-13,357.29998779296875,359.6000061035156,350.2799987792969,351.7699890136719,351.7699890136719,10559100,NFLX,-0.0227797099181154,349.95,343.8920003255208,0.9826889564952731,359.9700012207031,9.69000244140625,10.878108596564335,12.251356155775389,0.8879105674710392,360.0,346.5199890136719,0.0,0.0,2.844097981202607,1.3564982046323113,4.248644258628834,1.5480874188823293,26.14515157626636,12.469982190293063,34.67897108375214,12.636049423414633,35.0,47.0,29.662507558730518,52.4,S
2019-02-14,351.75,360.45001220703125,348.3299865722656,359.07000732421875,359.07000732421875,9295300,NFLX,0.020752248737919254,352.82200317382814,346.0519999186198,0.9808118450824823,351.7699890136719,12.120025634765625,11.126492004204593,12.242600787708072,0.9088340130616621,359.6000061035156,350.2799987792969,0.0,1.95001220703125,2.2752783849620855,1.475201005112099,3.9654013080535786,1.574882404758924,20.449198041056246,13.258455626037701,32.39018715724977,12.863952946502607,21.0,43.0,27.930006046984413,51.77333333333333,B
2019-02-15,358.4700012207031,364.3999938964844,355.5,356.8699951171875,356.8699951171875,9230000,NFLX,-0.006126972908223949,354.6820007324219,347.3066670735677,0.9792057853411675,359.07000732421875,8.899993896484375,10.68119238266055,12.01976032829316,0.8886360535424511,360.45001220703125,348.3299865722656,3.949981689453125,0.0,2.610219045860293,1.1801608040896792,3.964373333480215,1.4698902444416624,24.437524878754413,11.048961219025587,32.98213296440302,12.228948034693392,38.0,46.0,29.944004837587535,51.388444444444445,S
2019-02-19,355.79998779296875,365.0,355.32000732421875,361.9200134277344,361.9200134277344,7396600,NFLX,0.01415086272211985,357.9200012207031,349.057334391276,0.9752384141729981,356.8699951171875,9.67999267578125,10.480952441284689,11.8637758181257,0.8834415452516975,364.3999938964844,355.5,0.600006103515625,0.0,2.2081764573913594,0.9441286432717433,3.7400821848159094,1.3718975614788849,21.06847130317381,9.008042432792662,31.52522638789028,11.563751561984795,40.0,46.0,31.95520387007003,51.02921481481482,B
2019-02-20,364.8500061035156,366.7099914550781,356.70001220703125,359.9100036621094,359.9100036621094,8110700,NFLX,-0.00555374030462763,357.9080017089844,351.124668375651,0.9810472710837884,361.9200134277344,10.009979248046875,10.386757802637126,11.740189380120444,0.8847180796099361,365.0,355.32000732421875,1.709991455078125,0.0,2.1085394569287126,0.7553029146173946,3.6047428028333903,1.280437724046959,20.30026594432932,7.271787105940108,30.704298594512185,10.906448632039211,47.0,48.0,34.964163096056026,50.82726716049383,S
2019-02-21,360.0299987792969,362.8500061035156,353.8800048828125,356.9700012207031,356.9700012207031,6227900,NFLX,-0.008168715544140226,358.9480041503906,352.212001546224,0.981234043576561,359.9100036621094,8.970001220703125,10.103406486250325,11.555510169492624,0.8743366876976183,366.7099914550781,356.70001220703125,0.0,2.82000732421875,1.68683156554297,1.1682437965376657,3.3644266159778313,1.3830756973917453,16.695671582040873,11.562870385622146,29.115344685171575,11.968971314162868,18.0,42.0,31.57133047684482,50.23878268312758,S
2019-02-22,360.3399963378906,366.1300048828125,360.04998779296875,363.0199890136719,363.0199890136719,7088200,NFLX,0.016948168676023334,359.7380004882813,353.7800008138021,0.9834379474328754,356.9700012207031,9.160003662109375,9.914725921422136,11.395809735667076,0.8700325954364276,362.8500061035156,353.8800048828125,3.279998779296875,0.0,2.005465008293751,0.9345950372301326,3.3587980935324344,1.2908706508989622,20.227135113847844,9.42633255459751,29.47397483322251,11.327590411225822,36.0,44.0,32.45706438147586,49.82286383758574,B
2019-02-25,367.010009765625,371.489990234375,363.7900085449219,363.9100036621094,363.9100036621094,7569300,NFLX,0.0024516959819642636,361.1460021972656,355.3840006510417,0.9840452295992007,363.0199890136719,8.470001220703125,9.625780981278334,11.20075583466948,0.8593867345526668,366.1300048828125,360.04998779296875,5.3599853515625,0.0,2.676369076947501,0.7476760297841061,3.492210577401105,1.204812607505698,27.804175912093843,7.767432390559257,31.178347505725768,10.75652951719977,56.0,49.0,37.16565150518069,49.768006248413364,B
2019-02-26,362.9800109863281,365.70001220703125,359.3299865722656,364.9700012207031,364.9700012207031,4944600,NFLX,0.0029128013737647063,361.75599975585936,356.29266764322915,0.9848977429087084,363.9100036621094,6.370025634765625,8.974629911975793,10.878707154675888,0.8249721023254418,371.489990234375,363.7900085449219,0.0,4.46002197265625,2.141095261558001,1.4901452183585349,3.259396538907698,1.4218265651824014,23.857198375399438,16.603974013124233,29.961249002890415,13.069811926790138,18.0,39.0,33.332521204144555,49.050139165185804,B
2019-02-27,363.5,368.0299987792969,359.79998779296875,362.8699951171875,362.8699951171875,5629900,NFLX,-0.00575391428471328,362.347998046875,356.7633341471354,0.9845875679461679,364.9700012207031,8.230010986328125,8.82570612684626,10.70212741011937,0.8246683849513075,365.70001220703125,359.3299865722656,2.329986572265625,0.0,2.178873523699526,1.1921161746868278,3.1974358744648934,1.3270381275035745,24.68780959148155,13.507317800449057,29.876638091988756,12.399760128521708,29.0,41.0,32.466016963315646,48.51346322084009,S
2019-02-28,362.4700012207031,366.3900146484375,357.7099914550781,358.1000061035156,358.1000061035156,6186800,NFLX,-0.0131451734170841,362.5739990234375,357.15733439127604,0.9850605265497504,362.8699951171875,8.680023193359375,8.796569540148884,10.56732046233537,0.8324314164127136,368.0299987792969,359.79998779296875,0.0,2.089996337890625,1.7430988189596206,1.3716922073275872,2.9842734828339004,1.3779020081960447,19.815665766113163,15.59349017894959,28.24058845826256,13.039275312102433,12.0,37.0,28.372813570652518,47.74589900611741,S
2019-03-01,362.260009765625,362.8699951171875,354.69000244140625,357.32000732421875,357.32000732421875,5526500,NFLX,-0.002178159078476516,361.4340026855469,357.9980021158854,0.9904934219134583,358.1000061035156,8.17999267578125,8.673254167275356,10.408165276565095,0.8333124942590944,366.3900146484375,357.7099914550781,0.0,3.019989013671875,1.3944790551676964,1.7013515685964449,2.7853219173116406,1.4873744752277667,16.077922176305396,19.61606953726473,26.760930897043302,14.290457882877034,10.0,30.0,24.698250856522016,46.562839072376256,S
2019-03-04,359.7200012207031,362.25,348.0400085449219,351.0400085449219,351.0400085449219,7487000,NFLX,-0.017575278883274592,358.86000366210936,358.229335530599,0.9982425789302944,357.32000732421875,14.209991455078125,9.78060162483591,10.66162035513263,0.9173654002909054,362.8699951171875,354.69000244140625,0.0,6.649993896484375,1.115583244134157,2.691080034174031,2.5996337894908645,1.8315491033115405,11.406079982864789,27.514463193558193,24.383102219911347,17.17890003867762,41.0,17.0,27.95860068521761,44.591983134217834,S
2019-03-05,351.4599914550781,356.1700134277344,348.25,354.29998779296875,354.29998779296875,5937800,NFLX,0.009286631633697917,356.7260009765625,358.80066731770836,1.0058158540040993,351.0400085449219,7.920013427734375,9.408483985415604,10.478846559972746,0.8978549243534371,362.25,348.0400085449219,0.0,0.0,0.8924665953073256,2.1528640273392248,2.4263248701914732,1.7094458297574378,9.485764090057092,22.88215647363007,23.154503277675474,16.31330146857197,41.0,17.0,30.56688054817409,42.752517591936645,B
2019-03-06,353.6000061035156,359.8800048828125,351.70001220703125,359.6099853515625,359.6099853515625,6211900,NFLX,0.014987292524821116,356.0739990234375,358.77666625976565,1.0075901841857042,354.29998779296875,8.17999267578125,9.162785723488733,10.325589634359979,0.8873861975879965,356.1700134277344,348.25,3.709991455078125,0.0,1.4559715672614855,1.7222912218713797,2.51190264251725,1.595482774440275,15.890053649613492,18.79658952905882,24.326965640378635,15.45173526101659,8.0,22.0,26.05350443853927,41.36901641914087,B
2019-03-07,360.1600036621094,362.8599853515625,350.5,352.6000061035156,352.6000061035156,6151300,NFLX,-0.01949328309444398,354.9739990234375,358.8320007324219,1.0108684064737081,359.6099853515625,12.3599853515625,9.802225649103487,10.461216015506814,0.9370063322058836,359.8800048828125,351.70001220703125,2.97998046875,0.0,1.7607733475591885,1.3778329774971039,2.543107830932767,1.489117256144257,17.962995452162733,14.0563278873622,24.30986825205675,14.23464780707058,12.0,26.0,23.242803550831418,40.34441532453148,S
2019-03-08,345.75,349.9200134277344,342.4700012207031,349.6000061035156,349.6000061035156,6898800,NFLX,-0.008508224469852332,353.42999877929685,358.20066731770834,1.013498199232914,352.6000061035156,10.1300048828125,9.86778149584529,10.439135273327194,0.9452680933312783,362.8599853515625,350.5,0.0,8.029998779296875,1.4086186780473509,2.7082661378570583,2.3735673088705824,1.9251760243544316,14.27492773974001,27.44554223254073,22.73720233260347,18.44191088579345,32.0,10.0,24.994242840665134,38.32145430289605,S
2019-03-11,352.0,358.9800109863281,350.0299987792969,358.8599853515625,358.8599853515625,5387300,NFLX,0.026487354366077964,354.993994140625,358.3333333333333,1.009406748417793,349.6000061035156,9.3800048828125,9.770226173238731,10.368526580626215,0.9422964870914813,349.9200134277344,342.4700012207031,9.05999755859375,0.0,2.938894454156631,2.1666129102856466,2.8193293255187934,1.796830956064136,30.08010666330785,22.175667910535548,27.191224361489923,17.329665329898926,15.0,22.0,22.995394272532106,37.23335734936965,B
2019-03-12,359.3699951171875,360.1300048828125,353.79998779296875,356.2699890136719,356.2699890136719,5164600,NFLX,-0.007217289315088471,355.38799438476565,357.9566650390625,1.0072277924265383,358.8599853515625,6.33001708984375,9.082184356559734,10.09929261457405,0.8992891584756588,358.9800109863281,350.0299987792969,1.149993896484375,0.0,2.58111434262218,1.7332903282285173,2.708040296916499,1.6770422256598603,28.41953258477884,19.08450941074131,26.814158181817504,16.605541493468166,20.0,24.0,22.396315418025686,36.351133526078335,S
2019-03-13,355.80999755859375,362.4800109863281,352.7699890136719,361.2099914550781,361.2099914550781,6444100,NFLX,0.013865895511105508,355.70799560546874,358.0433308919271,1.0065653156952046,356.2699890136719,9.71002197265625,9.207751879779037,10.073341238446197,0.9140712760366414,360.1300048828125,353.79998779296875,2.350006103515625,0.0,2.534892694800869,1.3866322625828138,2.6841713506897737,1.5652394106158696,27.529984820373983,15.059400825384635,26.646286342860005,15.538433311897872,29.0,26.0,23.71705233442055,35.661057957673115,B
2019-03-14,360.5,363.8399963378906,358.1000061035156,358.82000732421875,358.82000732421875,5271400,NFLX,-0.006616605817662213,356.9519958496094,358.1666646321615,1.0034028911357142,361.2099914550781,5.739990234375,8.51419955069823,9.784451171508117,0.8701765077525448,362.4800109863281,352.7699890136719,1.3599853515625,0.0,2.299911226153195,1.109305810066251,2.595892284081289,1.4608901165748116,27.01265353787233,13.028891365075879,26.530790931231902,14.930731330428202,35.0,28.0,25.97364186753644,35.15032076049491,S
2019-03-15,361.0199890136719,364.0,358.8900146484375,361.4599914550781,361.4599914550781,8444500,NFLX,0.007357405041447329,359.32399291992186,358.0626647949219,0.9964897191675116,358.82000732421875,5.17999267578125,7.847358175714834,9.477487271792992,0.8279998643807449,363.8399963378906,358.1000061035156,0.160003662109375,0.0,1.871929713344431,0.8874446480530007,2.4334997092831614,1.363497442136491,23.85426625660441,11.308833217265011,25.676633895629404,14.38669768720817,36.0,28.0,27.978913494029154,34.67363270979525,B
2019-03-18,362.4700012207031,370.9700012207031,361.8599853515625,363.44000244140625,363.44000244140625,7194700,NFLX,0.005477815064282687,360.2399963378906,358.0313313802083,0.9938689068950283,361.4599914550781,9.510009765625,8.179888493696868,9.479655438048459,0.862888798770605,364.0,358.8900146484375,6.970001220703125,0.0,2.89154401481617,0.7099557184424006,2.735933143377826,1.2725976126607248,35.3494307048842,8.679283574457857,28.86110324639671,13.424513380021223,61.0,37.0,34.583130795223326,34.82872386247557,B
2019-03-19,366.3999938964844,366.9599914550781,356.79998779296875,358.7799987792969,358.7799987792969,7541400,NFLX,-0.012821933828983667,360.74199829101565,357.61866455078126,0.9913419181713499,363.44000244140625,10.160003662109375,8.57591152737937,9.525011986319187,0.9003570325892488,370.9700012207031,361.8599853515625,0.0,5.05999755859375,2.3132352118529362,1.5799640864726705,2.553537600485971,1.525090942389593,26.9736366153933,18.42327875501622,26.808759969579327,16.011433314520627,19.0,25.0,31.466504636178662,34.1734756049772,S
2019-03-20,358.9100036621094,375.8999938964844,357.010009765625,375.2200012207031,375.2200012207031,10917200,NFLX,0.04582195913189491,363.54400024414065,358.44199829101564,0.9859659299845446,358.7799987792969,18.889984130859375,10.638726048075371,10.149343462621866,1.0482181519677416,366.9599914550781,356.79998779296875,8.94000244140625,0.0,3.6385886577635986,1.2639712691781364,2.9793019232139897,1.4234182128969537,34.20135682901477,11.880851743586335,29.35462706712214,14.02473192615007,48.0,35.0,34.77320370894293,34.22857723131206,B
2019-03-21,374.0,379.0,370.6099853515625,377.8699951171875,377.8699951171875,8544000,NFLX,0.007062507030177301,367.3539978027344,359.75999755859374,0.9793278410210237,375.2200012207031,8.3900146484375,10.188983768147796,10.032054875009575,1.0156427466848432,375.8999938964844,357.010009765625,3.100006103515625,0.0,3.530872146914004,1.011177015342509,2.987348868567432,1.3285236653704902,34.65382051105047,9.924218532014855,29.778035564868073,13.242787065289278,55.0,38.0,38.81856296715434,34.480005415891256,B
2019-03-22,375.95001220703125,376.42999267578125,360.0400085449219,361.010009765625,361.010009765625,8661300,NFLX,-0.04461848140743163,367.2640014648438,360.00599772135416,0.9802376390973773,377.8699951171875,17.829986572265625,11.717184328971362,10.551916988159977,1.1104318146284604,379.0,370.6099853515625,0.0,10.569976806640625,2.8246977175312034,2.9229369736021322,2.7881922773296037,1.9446205414551658,24.10730802063929,24.945728355361066,26.42356152401653,18.429073538364378,2.0,18.0,31.454850373723474,33.381338388165176,S
2019-03-25,359.0,367.0400085449219,357.44000244140625,366.2300109863281,366.2300109863281,8473800,NFLX,0.014459436246911928,367.82200317382814,361.01866455078124,0.9815037203746843,361.010009765625,9.600006103515625,11.293748683880214,10.48845626251702,1.0767789273471156,376.42999267578125,360.0400085449219,0.0,2.600006103515625,2.2597581740249626,2.858350799584831,2.602312792174297,1.9883129122591965,20.008929163178205,25.309141185907656,24.811208885661056,18.957155013983353,12.0,13.0,27.56388029897878,32.02258249562083,B
2019-03-26,367.8699951171875,368.3800048828125,358.0199890136719,359.9700012207031,359.9700012207031,7666500,NFLX,-0.017093109733868017,368.06000366210935,361.39666544596355,0.981896054583907,366.2300109863281,10.360015869140625,11.107002120932297,10.479893569625261,1.0598392099252454,367.0400085449219,357.44000244140625,1.339996337890625,0.0,2.075805806798095,2.286680639667865,2.5181583618887187,1.8557587181085833,18.68916368428546,20.58773929068023,24.028472666815095,17.707801188814376,5.0,15.0,23.051104239183026,30.887743662579442,S
2019-03-27,361.0,362.4700012207031,350.3699951171875,353.3699951171875,353.3699951171875,7852400,NFLX,-0.018334878131883725,363.69000244140625,360.9806660970052,0.9925504239153851,359.9700012207031,12.100006103515625,11.305602917448962,10.58790107188462,1.0677850917468568,368.3800048828125,358.0199890136719,0.0,7.649993896484375,1.660644645438476,3.359343291031167,2.350281137762804,2.242041063333636,14.688687171875218,29.713968512430135,22.197800317607804,21.175500678668115,34.0,2.0,25.240883391346422,28.961894085074146,S
2019-03-28,354.489990234375,355.94000244140625,349.20001220703125,354.6099853515625,354.6099853515625,4361000,NFLX,0.0035090422263037713,359.0380004882812,361.1146647135417,1.0057839677762137,353.3699951171875,6.739990234375,10.392480380834169,10.331373682717311,1.0059146731106126,362.4700012207031,350.3699951171875,0.0,1.16998291015625,1.3285157163507808,2.921471214856184,2.193595728578617,2.1705705197884773,12.783432517234594,28.11139504524797,21.232372344136017,21.009505477664455,37.0,1.0,27.59270671307714,27.09776781273587,B
2019-03-29,357.1600036621094,358.25,353.7099914550781,356.55999755859375,356.55999755859375,4705600,NFLX,0.005499033551178867,358.147998046875,361.5786641438802,1.0095789062502485,354.6099853515625,4.540008544921875,9.22198601365171,9.945282673530949,0.9272723879629616,355.94000244140625,349.20001220703125,2.30999755859375,0.0,1.5248120847993747,2.337176971884947,2.201355850579626,2.0258658184692453,16.534530442164286,25.343531950982374,22.134673521532612,20.370118024508464,21.0,4.0,26.27416537046171,25.557916625220148,B
